{"options":{"unwrap":null,"compat_foreach":false,"user_modified":null,"compat_powerful_this":null,"override":{"orig_connects":[],"use_blockers":[],"orig_run_at":"document-start","use_excludes":[],"use_includes":[],"orig_run_in":[],"orig_tags":[],"orig_excludes":[],"merge_matches":true,"orig_noframes":true,"use_matches":[],"merge_includes":true,"orig_matches":["*://grok.x.ai/*","*://*.grok.x.ai/*","*://grok.com/*","*://*.grok.com/*","*://x.ai/*","*://*.x.ai/*"],"merge_connects":true,"merge_excludes":true,"use_connects":[],"orig_includes":[]},"tags":[],"compat_wrappedjsobject":false,"comment":null,"compat_metadata":false,"sandbox":null,"noframes":null,"run_in":null,"check_for_updates":true,"compatopts_for_requires":true,"run_at":null},"settings":{"enabled":false,"position":34},"meta":{"name":"GROK IMAGE & VIDEO HACK — PROTOCOL ZERO MAX DEATH v17.0.0","uuid":"7ac67fa0-bf0c-4af5-b17a-bf679650b0e1","modified":1769213207904}}