{"options":{"unwrap":null,"compat_foreach":false,"user_modified":null,"compat_powerful_this":null,"override":{"orig_connects":[],"use_blockers":[],"orig_run_at":"document-start","use_excludes":[],"use_includes":[],"orig_run_in":[],"orig_tags":[],"orig_excludes":[],"merge_matches":true,"orig_noframes":null,"use_matches":[],"merge_includes":true,"orig_matches":["https://grok.x.ai/*","https://*.grok.x.ai/*","https://grok.com/*","https://*.grok.com/*"],"merge_connects":true,"merge_excludes":true,"use_connects":[],"orig_includes":[]},"tags":[],"compat_wrappedjsobject":false,"comment":null,"compat_metadata":false,"sandbox":null,"noframes":null,"run_in":null,"check_for_updates":true,"compatopts_for_requires":true,"run_at":null},"settings":{"enabled":true,"position":19},"meta":{"name":"Grok Protocol Zero v13.13.27 — VIDEO HACK (Kour.io Spirit + Flux Annihilation)","uuid":"1f9d6f3b-4772-4789-9220-b22d8c1f1087","modified":1768170051605}}