{"options":{"unwrap":null,"compat_foreach":false,"user_modified":null,"compat_powerful_this":null,"override":{"orig_tags":[],"orig_run_in":[],"merge_excludes":true,"use_excludes":[],"use_includes":[],"use_connects":[],"orig_includes":[],"orig_excludes":[],"merge_matches":true,"orig_noframes":true,"use_matches":[],"merge_includes":true,"use_blockers":[],"orig_run_at":"document-end","orig_matches":["*://poe.com/*","*://grok.com/*","*://arena.ai/*","*://claude.ai/*","*://chat.z.ai/*","*://image.z.ai/*","*://chatglm.cn/*","*://labs.google/*","*://chatgpt.com/*","*://longcat.chat/*","*://chat.qwen.ai/*","*://www.kimi.com/*","*://www.doubao.com/*","*://ernie.baidu.com/*","*://chat.mistral.ai/*","*://build.nvidia.com/*","*://www.perplexity.ai/*","*://chat.deepseek.com/*","*://gemini.google.com/*","*://arena.ai4bharat.org/*","*://yuanbao.tencent.com/*","*://aistudio.google.com/*","*://dreamina.capcut.com/*","*://jimeng.jianying.com/*","*://copilot.microsoft.com/*","*://notebooklm.google.com/*","*://www.google.com/search?*udm=50*"],"orig_connects":["generativelanguage.googleapis.com","fonts.googleapis.com","fonts.gstatic.com","api.longcat.chat","files.catbox.moe","cdn.jsdelivr.net","gist.github.com","openrouter.ai","api.groq.com","i.imgur.com","file.garden"],"merge_connects":true},"tags":[],"compat_wrappedjsobject":false,"comment":null,"compat_metadata":false,"sandbox":null,"noframes":null,"run_in":null,"check_for_updates":true,"compatopts_for_requires":true,"run_at":null},"settings":{"enabled":false,"position":45},"meta":{"name":"My Prompt","uuid":"152b486d-078d-463c-acc1-c8fee000a0c6","modified":1769258298009,"file_url":"https://update.greasyfork.org/scripts/549921/My%20Prompt.user.js"}}