{"options":{"unwrap":null,"compat_foreach":false,"user_modified":null,"compat_powerful_this":null,"override":{"orig_connects":[],"use_blockers":[],"orig_run_at":"document-start","use_excludes":[],"use_includes":[],"orig_run_in":[],"orig_tags":[],"orig_excludes":[],"merge_matches":true,"orig_noframes":null,"use_matches":[],"merge_includes":true,"orig_matches":["https://grok.com/c/f3e56021-1c01-4002-9d5d-ce8e6aa0a801?rid=ca22a358-3296-4747-af7a-ae18285c987d","https://tv.youtube.com/*","https://*.youtube.com/*"],"merge_connects":true,"merge_excludes":true,"use_connects":[],"orig_includes":[]},"tags":[],"compat_wrappedjsobject":false,"comment":null,"compat_metadata":false,"sandbox":null,"noframes":null,"run_in":null,"check_for_updates":true,"compatopts_for_requires":true,"run_at":null},"settings":{"enabled":false,"position":56},"meta":{"name":"New Userscript","uuid":"c7e7e371-b765-4770-8783-8de4aa552bd4","modified":1771632184474}}