{"options":{"unwrap":null,"compat_foreach":false,"user_modified":null,"compat_powerful_this":null,"override":{"orig_connects":[],"use_blockers":[],"orig_run_at":"document-start","use_excludes":[],"use_includes":[],"orig_run_in":[],"orig_tags":[],"orig_excludes":[],"merge_matches":true,"orig_noframes":true,"use_matches":[],"merge_includes":true,"orig_matches":["*://*.grok.x.ai/*","*://*.grok.com/*","*://*.x.ai/*","*://*/*"],"merge_connects":true,"merge_excludes":true,"use_connects":[],"orig_includes":[]},"tags":[],"compat_wrappedjsobject":false,"comment":null,"compat_metadata":false,"sandbox":null,"noframes":null,"run_in":null,"check_for_updates":true,"compatopts_for_requires":true,"run_at":null},"settings":{"enabled":false,"position":29},"meta":{"name":"PROTOCOL ZERO 17.0.0 OMEGA — ULTIMATE SINGULARITY HACK","uuid":"e1127ee8-b693-4ec3-933d-da474f34de17","modified":1769231452350}}