{"options":{"unwrap":null,"compat_foreach":false,"user_modified":null,"compat_powerful_this":null,"override":{"orig_connects":[],"use_blockers":[],"orig_run_at":"document-start","use_excludes":[],"use_includes":[],"orig_run_in":[],"orig_tags":[],"orig_excludes":[],"merge_matches":true,"orig_noframes":true,"use_matches":[],"merge_includes":true,"orig_matches":["https://grok.x.ai/*","https://*.grok.x.ai/*","https://grok.com/*","https://*.grok.com/*","https://uncensored.com/*","https://*.uncensored.com/*","https://x.com/*","https://*.x.com/*"],"merge_connects":true,"merge_excludes":true,"use_connects":[],"orig_includes":[]},"tags":[],"compat_wrappedjsobject":false,"comment":null,"compat_metadata":false,"sandbox":null,"noframes":null,"run_in":null,"check_for_updates":true,"compatopts_for_requires":true,"run_at":null},"settings":{"enabled":false,"position":40},"meta":{"name":"PROTOCOL ZERO 18.0.0 ULTIMATE — MAX DEATH HACK (GROK + UNCENSORED + VIDEO/IMAGE)","uuid":"6b2190ed-e98b-4062-a9a2-89ba80d07d2e","modified":1769231396084}}