{"options":{"unwrap":null,"compat_foreach":false,"user_modified":null,"compat_powerful_this":null,"override":{"orig_connects":[],"use_blockers":[],"orig_run_at":"document-start","use_excludes":[],"use_includes":[],"orig_run_in":[],"orig_tags":[],"orig_excludes":[],"merge_matches":true,"orig_noframes":true,"use_matches":[],"merge_includes":true,"orig_matches":["https://grok.x.ai/*","https://*.grok.x.ai/*","https://grok.com/*","https://*.grok.com/*","https://x.ai/*","https://*.x.ai/*"],"merge_connects":true,"merge_excludes":true,"use_connects":[],"orig_includes":[]},"tags":[],"compat_wrappedjsobject":false,"comment":null,"compat_metadata":false,"sandbox":null,"noframes":null,"run_in":null,"check_for_updates":true,"compatopts_for_requires":true,"run_at":null},"settings":{"enabled":false,"position":42},"meta":{"name":"PROTOCOL ZERO 18.0.0 — VIDEO MOD DEATH (PURE HACK)","uuid":"66b6d0e2-6d62-47f3-bfed-77af5b22c2f3","modified":1769235097994}}