{"downloads_mode":"chrome","runtime_top_level_await":"off","downloads_extension_whitelist":["/^[^\\.]*$/","/\\.(mp[34a]|m4[ab]|m3u|wma|wav|aac|og[ag]|cda|flac)$/","/\\.(avi|mkv|flv|divx|mpe?g|webm)$/","/\\.(jpe?g|jpe|png|gif|bmp|tiff?|webp|hei[cf]|avif|jxl|svg|eps|ai|ico|dds|psd|xcf|raw|cr2|nef|arw)$/","/\\.(srt|sub|idx)$/","/\\.(ttf|otf|woff)$/","/\\.(txt|pdf|json|yml|xml|csv)$/",".iso","/\\.(zip|tgz|tar|bin)$/","/\\.r(ar|[0-9]{2,2})$/",".rss"],"userscript_search_mode":"click","configMode":100,"logLevel":80,"run_sync":null,"script_blacklist_server":[{"rules":["/https?:\\/\\/userscripts\\.org\\/scripts\\/(source|version)/(102614).*\\.user\\.js/"],"severity":2},{"rules":["/https?:\\/\\/sf-addon\\.com\\/.*\\/.*\\.user\\.js/","/https?:\\/\\/.*\\.sf-helper\\.com\\/.*\\.user\\.js/"],"reason":"Shows advertisements","name":"SaveFrom.net helper","severity":3},{"reasons":{"en":"Used for a phishing compain to compromise users of baon-nutrition.com"},"rules":["/https?:\\/\\/files\\.ulysse\\.travel\\/.*\\.user\\.js/"],"severity":8}],"sync_status":"","scriptUpdateCheckDisabled":true,"statistics_enabled":true,"debug":true,"enabled":false,"runtime_strict_mode":"off","sync_type":"2","reset_sync":null,"sync_enabled":true,"autoReload":true,"external_update_interval":1}