{"options":{"unwrap":null,"compat_foreach":false,"user_modified":null,"compat_powerful_this":null,"override":{"orig_connects":[],"use_blockers":[],"orig_run_at":"document-start","use_excludes":[],"use_includes":[],"orig_run_in":[],"orig_tags":[],"orig_excludes":[],"merge_matches":true,"orig_noframes":true,"use_matches":[],"merge_includes":true,"orig_matches":["*://uncensored.com/ai*","*://*.uncensored.com/ai*","*://uncensored.com/*","*://*.uncensored.com/*"],"merge_connects":true,"merge_excludes":true,"use_connects":[],"orig_includes":[]},"tags":[],"compat_wrappedjsobject":false,"comment":null,"compat_metadata":false,"sandbox":null,"noframes":null,"run_in":null,"check_for_updates":true,"compatopts_for_requires":true,"run_at":null},"settings":{"enabled":true,"position":33},"meta":{"name":"UNCENSORED.COM/AI — PROTOCOL ZERO MAX VIDEO HACK v17.0.0","uuid":"aedbd55e-46fe-497e-81f4-1670a8ec23b6","modified":1769213030604}}