{"options":{"unwrap":null,"compat_foreach":false,"user_modified":null,"compat_powerful_this":null,"override":{"orig_connects":[],"use_blockers":[],"orig_run_at":"document-start","use_excludes":[],"use_includes":[],"orig_run_in":[],"orig_tags":[],"orig_excludes":[],"merge_matches":true,"orig_noframes":null,"use_matches":[],"merge_includes":true,"orig_matches":["https://uncensored.com/ai*","https://uncensored.com/*","https://*.uncensored.com/*"],"merge_connects":true,"merge_excludes":true,"use_connects":[],"orig_includes":[]},"tags":[],"compat_wrappedjsobject":false,"comment":null,"compat_metadata":false,"sandbox":null,"noframes":null,"run_in":null,"check_for_updates":true,"compatopts_for_requires":true,"run_at":null},"settings":{"enabled":false,"position":9},"meta":{"name":"Uncensored.com AI – PROTOCOL ZERO ULTIMATE ANNIHILATION v13.13.13","uuid":"18c8182a-acd5-4025-8aa8-f5fdba3d7396","modified":1768033729957}}